{"cameraMode":{"drawMode":0,"name":"Shaded","section":"Shading Mode"},"sceneLighting":false,"audioPlay":false,"sceneViewState":{"showFog":true,"showMaterialUpdate":false,"showSkybox":false,"showFlares":true,"showImageEffects":true,"showParticleSystems":true},"in2DMode":false,"pivot":{"x":28.615516662597658,"y":127.89447021484375,"z":43.97102355957031},"rotation":{"x":0.05691176652908325,"y":-0.932341992855072,"z":0.16044971346855164,"w":0.3201156258583069},"size":3.850404977798462,"orthographic":false}