{"cameraMode":{"drawMode":0,"name":"Shaded","section":"Shading Mode"},"sceneLighting":true,"audioPlay":false,"sceneViewState":{"showFog":true,"showMaterialUpdate":false,"showSkybox":true,"showFlares":true,"showImageEffects":true,"showParticleSystems":true},"in2DMode":false,"pivot":{"x":572.89013671875,"y":64.52351379394531,"z":664.6318969726563},"rotation":{"x":0.14494380354881288,"y":-0.552800178527832,"z":0.09590465575456619,"w":0.815472424030304},"size":165.07168579101563,"orthographic":false}