{"cameraMode":{"drawMode":0,"name":"Shaded","section":"Shading Mode"},"sceneLighting":true,"audioPlay":false,"sceneViewState":{"showFog":true,"showMaterialUpdate":false,"showSkybox":true,"showFlares":true,"showImageEffects":true,"showParticleSystems":true},"in2DMode":false,"pivot":{"x":579.8395385742188,"y":62.634212493896487,"z":679.11669921875},"rotation":{"x":0.1498275250196457,"y":-0.5315484404563904,"z":0.09377553313970566,"w":0.8288565874099731},"size":165.07168579101563,"orthographic":false}