{"cameraMode":{"drawMode":0,"name":"Shaded","section":"Shading Mode"},"sceneLighting":true,"audioPlay":false,"sceneViewState":{"showFog":true,"showMaterialUpdate":false,"showSkybox":true,"showFlares":true,"showImageEffects":true,"showParticleSystems":true},"in2DMode":false,"pivot":{"x":585.1520385742188,"y":251.55291748046876,"z":45.15357971191406},"rotation":{"x":0.1012595146894455,"y":-0.29968202114105227,"z":0.025611834600567819,"w":0.9489260911941528},"size":10.0,"orthographic":false}