{"cameraMode":{"drawMode":0,"name":"Shaded","section":"Shading Mode"},"sceneLighting":false,"audioPlay":false,"sceneViewState":{"showFog":true,"showMaterialUpdate":false,"showSkybox":false,"showFlares":true,"showImageEffects":true,"showParticleSystems":true},"in2DMode":false,"pivot":{"x":6.4496917724609379,"y":0.839996337890625,"z":-9.739156723022461},"rotation":{"x":0.04511833190917969,"y":0.8177433013916016,"z":-0.06721431016921997,"w":0.5703777074813843},"size":39.363189697265628,"orthographic":false}