{"cameraMode":{"drawMode":0,"name":"Shaded","section":"Shading Mode"},"sceneLighting":false,"audioPlay":false,"sceneViewState":{"showFog":true,"showMaterialUpdate":false,"showSkybox":false,"showFlares":true,"showImageEffects":true,"showParticleSystems":true},"in2DMode":false,"pivot":{"x":577.30126953125,"y":126.44551849365235,"z":277.6620788574219},"rotation":{"x":0.029893947765231134,"y":0.12655477225780488,"z":-0.005186840891838074,"w":0.9918043613433838},"size":13.77845287322998,"orthographic":false}